id,title,summary,content,author,publication_date,tags,read_time
1,"O Futuro da Inteligência Artificial","Explorando as tendências e impactos da IA no mundo moderno","A inteligência artificial está revolucionando diversos setores, desde saúde até educação. Com avanços em machine learning e deep learning, vemos aplicações cada vez mais sofisticadas que prometem transformar nossa sociedade.","Maria Santos","2024-01-10","IA, tecnologia, futuro, inovação",5
2,"Sustentabilidade na Tecnologia","Como a tecnologia pode contribuir para um futuro mais sustentável","A indústria tecnológica tem um papel crucial na busca por sustentabilidade. Desde data centers eficientes até dispositivos recicláveis, a tecnologia verde está ganhando espaço e importância.","João Silva","2024-01-15","sustentabilidade, tecnologia verde, meio ambiente",7
3,"Tendências em Desenvolvimento Mobile","Análise das principais tendências no desenvolvimento de aplicativos móveis","O desenvolvimento mobile evolui rapidamente com novas tecnologias como Flutter, React Native e desenvolvimento nativo. A experiência do usuário e performance são prioridades.","Ana Costa","2024-01-20","mobile, desenvolvimento, apps, UX",6
4,"Cibersegurança em 2024","Principais ameaças e estratégias de proteção digital","Com o aumento de ataques cibernéticos, a segurança digital se torna cada vez mais crítica. Ransomware, phishing e vulnerabilidades em IoT são desafios constantes.","Carlos Lima","2024-01-25","cibersegurança, proteção, ransomware, IoT",8
5,"Cloud Computing e Transformação Digital","Como a nuvem está transformando as empresas","A migração para a nuvem acelera a transformação digital das empresas, oferecendo escalabilidade, flexibilidade e redução de custos. AWS, Azure e Google Cloud lideram o mercado.","Sofia Oliveira","2024-02-01","cloud computing, transformação digital, escalabilidade",9
6,"Realidade Virtual e Metaverso","Explorando as possibilidades do VR e do metaverso","A realidade virtual está saindo do nicho dos games para aplicações em educação, treinamento e entretenimento. O metaverso promete uma nova dimensão de interação social.","Pedro Alves","2024-02-05","VR, metaverso, realidade virtual, imersão",7
7,"Internet das Coisas (IoT) no Brasil","Panorama atual e perspectivas do IoT no mercado brasileiro","O IoT está crescendo no Brasil com aplicações em smart cities, agricultura e indústria 4.0. Desafios incluem conectividade e segurança dos dispositivos.","Laura Ferreira","2024-02-10","IoT, smart cities, agricultura, indústria 4.0",6
8,"Machine Learning Aplicado à Saúde","Como o ML está revolucionando o diagnóstico médico","Algoritmos de machine learning estão sendo usados para diagnóstico por imagem, descoberta de medicamentos e medicina personalizada, melhorando a precisão e eficiência.","Dr. Rafael Mendes","2024-02-15","machine learning, saúde, diagnóstico, medicina",10
9,"Blockchain Além das Criptomoedas","Aplicações práticas da tecnologia blockchain","Blockchain não se limita a criptomoedas. Supply chain, identidade digital, contratos inteligentes e votação eletrônica são algumas aplicações promissoras.","Beatriz Rocha","2024-02-20","blockchain, supply chain, contratos inteligentes",8
10,"Desenvolvimento de Software Ágil","Metodologias ágeis e suas práticas modernas","Scrum, Kanban e DevOps são metodologias que aceleram o desenvolvimento de software. A colaboração entre equipes e feedback contínuo são fundamentais.","Lucas Pereira","2024-02-25","ágil, scrum, kanban, devops, colaboração",5
